{
  "HK": {
    "0001": {
      "final_return": 0.6832214969916643,
      "total_return": -31.677850300833565,
      "trading_days": 1430
    },
    "0700": {
      "final_return": 1.795653426923893,
      "total_return": 79.56534269238931,
      "trading_days": 1430
    }
  }
}