{
  "sharpe_ratio": 0.5630506192425714,
  "sortino_ratio": 0.9773023354551221,
  "max_drawdown": -0.07476127931419653,
  "var_95": -0.020669274330082626,
  "var_99": -0.029973400784317518,
  "cvar_95": -0.02855225422034141,
  "cvar_99": -0.0322921135992259,
  "beta": 0.09503893244114911,
  "alpha": 0.1281393408669175,
  "win_rate": 0.53125,
  "win_loss_ratio": 0.9778665748416631
}